microtraits.pathways:nitrate_reduction¦"nitrate reduction"¦"microtraits.pathways:nitrate_reduction"¦"microtrait"¦BiologicalEntity|BiologicalProcess|BiologicalProcessOrActivity|Entity|Mixin|NamedThing|Occurrent|OntologyClass|PhysicalEssenceOrOccurrent|ThingWithTaxon
microtraits.pathways:denitrification¦"denitrification"¦"microtraits.pathways:denitrification"¦"microtrait"¦BiologicalEntity|BiologicalProcess|BiologicalProcessOrActivity|Entity|Mixin|NamedThing|Occurrent|OntologyClass|PhysicalEssenceOrOccurrent|ThingWithTaxon
microtraits.pathways:nitrate_reduction_to_ammonia¦"nitrate reduction to ammonia"¦"microtraits.pathways:nitrate_reduction_to_ammonia"¦"microtrait"¦BiologicalEntity|BiologicalProcess|BiologicalProcessOrActivity|Entity|Mixin|NamedThing|Occurrent|OntologyClass|PhysicalEssenceOrOccurrent|ThingWithTaxon
microtraits.pathways:nitrite_reduction¦"nitrite reduction"¦"microtraits.pathways:nitrite_reduction"¦"microtrait"¦BiologicalEntity|BiologicalProcess|BiologicalProcessOrActivity|Entity|Mixin|NamedThing|Occurrent|OntologyClass|PhysicalEssenceOrOccurrent|ThingWithTaxon
microtraits.pathways:nitric_oxide_reduction¦"nitric oxide reduction"¦"microtraits.pathways:nitric_oxide_reduction"¦"microtrait"¦BiologicalEntity|BiologicalProcess|BiologicalProcessOrActivity|Entity|Mixin|NamedThing|Occurrent|OntologyClass|PhysicalEssenceOrOccurrent|ThingWithTaxon
microtraits.pathways:nitrous_oxide_reduction¦"nitrous oxide reduction"¦"microtraits.pathways:nitrous_oxide_reduction"¦"microtrait"¦BiologicalEntity|BiologicalProcess|BiologicalProcessOrActivity|Entity|Mixin|NamedThing|Occurrent|OntologyClass|PhysicalEssenceOrOccurrent|ThingWithTaxon
GO:0009399¦"nitrogen fixation"¦"GO:0009399"¦"microtrait"¦BiologicalEntity|BiologicalProcess|BiologicalProcessOrActivity|Entity|Mixin|NamedThing|Occurrent|OntologyClass|PhysicalEssenceOrOccurrent|ThingWithTaxon
GO:0019419¦"sulfate reduction"¦"GO:0019419"¦"microtrait"¦BiologicalEntity|BiologicalProcess|BiologicalProcessOrActivity|Entity|Mixin|NamedThing|Occurrent|OntologyClass|PhysicalEssenceOrOccurrent|ThingWithTaxon
microtraits.pathways:sulfite_oxidation¦"sulfite oxidation"¦"microtraits.pathways:sulfite_oxidation"¦"microtrait"¦BiologicalEntity|BiologicalProcess|BiologicalProcessOrActivity|Entity|Mixin|NamedThing|Occurrent|OntologyClass|PhysicalEssenceOrOccurrent|ThingWithTaxon
microtraits.pathways:sulfite_reduction¦"sulfite reduction"¦"microtraits.pathways:sulfite_reduction"¦"microtrait"¦BiologicalEntity|BiologicalProcess|BiologicalProcessOrActivity|Entity|Mixin|NamedThing|Occurrent|OntologyClass|PhysicalEssenceOrOccurrent|ThingWithTaxon
microtraits.pathways:thiosulfate_oxidation¦"thiosulfate oxidation"¦"microtraits.pathways:thiosulfate_oxidation"¦"microtrait"¦BiologicalEntity|BiologicalProcess|BiologicalProcessOrActivity|Entity|Mixin|NamedThing|Occurrent|OntologyClass|PhysicalEssenceOrOccurrent|ThingWithTaxon
microtraits.pathways:thiosulfate_disproportionation¦"thiosulfate disproportionation"¦"microtraits.pathways:thiosulfate_disproportionation"¦"microtrait"¦BiologicalEntity|BiologicalProcess|BiologicalProcessOrActivity|Entity|Mixin|NamedThing|Occurrent|OntologyClass|PhysicalEssenceOrOccurrent|ThingWithTaxon
microtraits.pathways:thiosulfate_reduction¦"thiosulfate reduction"¦"microtraits.pathways:thiosulfate_reduction"¦"microtrait"¦BiologicalEntity|BiologicalProcess|BiologicalProcessOrActivity|Entity|Mixin|NamedThing|Occurrent|OntologyClass|PhysicalEssenceOrOccurrent|ThingWithTaxon
microtraits.pathways:dithionite_disproportionation¦"dithionite disproportionation"¦"microtraits.pathways:dithionite_disproportionation"¦"microtrait"¦BiologicalEntity|BiologicalProcess|BiologicalProcessOrActivity|Entity|Mixin|NamedThing|Occurrent|OntologyClass|PhysicalEssenceOrOccurrent|ThingWithTaxon
microtraits.pathways:trithionate_oxidation¦"trithionate oxidation"¦"microtraits.pathways:trithionate_oxidation"¦"microtrait"¦BiologicalEntity|BiologicalProcess|BiologicalProcessOrActivity|Entity|Mixin|NamedThing|Occurrent|OntologyClass|PhysicalEssenceOrOccurrent|ThingWithTaxon
microtraits.pathways:tetrathionate_oxidation¦"tetrathionate oxidation"¦"microtraits.pathways:tetrathionate_oxidation"¦"microtrait"¦BiologicalEntity|BiologicalProcess|BiologicalProcessOrActivity|Entity|Mixin|NamedThing|Occurrent|OntologyClass|PhysicalEssenceOrOccurrent|ThingWithTaxon
GO:0019417¦"sulfur oxidation"¦"GO:0019417"¦"microtrait"¦BiologicalEntity|BiologicalProcess|BiologicalProcessOrActivity|Entity|Mixin|NamedThing|Occurrent|OntologyClass|PhysicalEssenceOrOccurrent|ThingWithTaxon
microtraits.pathways:sulfur_reduction¦"sulfur reduction"¦"microtraits.pathways:sulfur_reduction"¦"microtrait"¦BiologicalEntity|BiologicalProcess|BiologicalProcessOrActivity|Entity|Mixin|NamedThing|Occurrent|OntologyClass|PhysicalEssenceOrOccurrent|ThingWithTaxon
GO:0019418¦"sulfide oxidation"¦"GO:0019418"¦"microtrait"¦BiologicalEntity|BiologicalProcess|BiologicalProcessOrActivity|Entity|Mixin|NamedThing|Occurrent|OntologyClass|PhysicalEssenceOrOccurrent|ThingWithTaxon
microtraits.pathways:methanogenesis_h2co2¦"methanogenesis H2CO2"¦"microtraits.pathways:methanogenesis_h2co2"¦"microtrait"¦BiologicalEntity|BiologicalProcess|BiologicalProcessOrActivity|Entity|Mixin|NamedThing|Occurrent|OntologyClass|PhysicalEssenceOrOccurrent|ThingWithTaxon
microtraits.pathways:carbonylsulfide_oxidation¦"carbonylsulfide oxidation"¦"microtraits.pathways:carbonylsulfide_oxidation"¦"microtrait"¦BiologicalEntity|BiologicalProcess|BiologicalProcessOrActivity|Entity|Mixin|NamedThing|Occurrent|OntologyClass|PhysicalEssenceOrOccurrent|ThingWithTaxon
microtraits.pathways:carbonylsulfide_reduction¦"carbonylsulfide reduction"¦"microtraits.pathways:carbonylsulfide_reduction"¦"microtrait"¦BiologicalEntity|BiologicalProcess|BiologicalProcessOrActivity|Entity|Mixin|NamedThing|Occurrent|OntologyClass|PhysicalEssenceOrOccurrent|ThingWithTaxon
microtraits.pathways:carbonmonoxide_oxidation¦"carbonmonoxide oxidation"¦"microtraits.pathways:carbonmonoxide_oxidation"¦"microtrait"¦BiologicalEntity|BiologicalProcess|BiologicalProcessOrActivity|Entity|Mixin|NamedThing|Occurrent|OntologyClass|PhysicalEssenceOrOccurrent|ThingWithTaxon
microtraits.pathways:carbonmonoxide_reduction¦"carbonmonoxide reduction"¦"microtraits.pathways:carbonmonoxide_reduction"¦"microtrait"¦BiologicalEntity|BiologicalProcess|BiologicalProcessOrActivity|Entity|Mixin|NamedThing|Occurrent|OntologyClass|PhysicalEssenceOrOccurrent|ThingWithTaxon
GO:0015948¦"methanogenesis"¦"GO:0015948"¦"microtrait"¦BiologicalEntity|BiologicalProcess|BiologicalProcessOrActivity|Entity|Mixin|NamedThing|Occurrent|OntologyClass|PhysicalEssenceOrOccurrent|ThingWithTaxon
microtraits.pathways:thiocyanate_oxidation¦"thiocyanate oxidation"¦"microtraits.pathways:thiocyanate_oxidation"¦"microtrait"¦BiologicalEntity|BiologicalProcess|BiologicalProcessOrActivity|Entity|Mixin|NamedThing|Occurrent|OntologyClass|PhysicalEssenceOrOccurrent|ThingWithTaxon
microtraits.pathways:thiocyanate_reduction¦"thiocyanate reduction"¦"microtraits.pathways:thiocyanate_reduction"¦"microtrait"¦BiologicalEntity|BiologicalProcess|BiologicalProcessOrActivity|Entity|Mixin|NamedThing|Occurrent|OntologyClass|PhysicalEssenceOrOccurrent|ThingWithTaxon
microtraits.pathways:methane_oxidation¦"methane oxidation"¦"microtraits.pathways:methane_oxidation"¦"microtrait"¦BiologicalEntity|BiologicalProcess|BiologicalProcessOrActivity|Entity|Mixin|NamedThing|Occurrent|OntologyClass|PhysicalEssenceOrOccurrent|ThingWithTaxon
microtraits.pathways:acetogenesis¦"acetogenesis"¦"microtraits.pathways:acetogenesis"¦"microtrait"¦BiologicalEntity|BiologicalProcess|BiologicalProcessOrActivity|Entity|Mixin|NamedThing|Occurrent|OntologyClass|PhysicalEssenceOrOccurrent|ThingWithTaxon
microtraits.pathways:aerobic_chemo_heterotrophy¦"aerobic chemo heterotrophy"¦"microtraits.pathways:aerobic_chemo_heterotrophy"¦"microtrait"¦BiologicalEntity|BiologicalProcess|BiologicalProcessOrActivity|Entity|Mixin|NamedThing|Occurrent|OntologyClass|PhysicalEssenceOrOccurrent|ThingWithTaxon
microtraits.pathways:methanogenesis_acetoclastic¦"methanogenesis acetoclastic"¦"microtraits.pathways:methanogenesis_acetoclastic"¦"microtrait"¦BiologicalEntity|BiologicalProcess|BiologicalProcessOrActivity|Entity|Mixin|NamedThing|Occurrent|OntologyClass|PhysicalEssenceOrOccurrent|ThingWithTaxon
microtraits.pathways:nitrite_reduction_to_ammonia¦"nitrite reduction to ammonia"¦"microtraits.pathways:nitrite_reduction_to_ammonia"¦"microtrait"¦BiologicalEntity|BiologicalProcess|BiologicalProcessOrActivity|Entity|Mixin|NamedThing|Occurrent|OntologyClass|PhysicalEssenceOrOccurrent|ThingWithTaxon
microtraits.pathways:aminoacid_degradation¦"aminoacid degradation"¦"microtraits.pathways:aminoacid_degradation"¦"microtrait"¦BiologicalEntity|BiologicalProcess|BiologicalProcessOrActivity|Entity|Mixin|NamedThing|Occurrent|OntologyClass|PhysicalEssenceOrOccurrent|ThingWithTaxon
microtraits.pathways:iron_reduction¦"iron reduction"¦"microtraits.pathways:iron_reduction"¦"microtrait"¦BiologicalEntity|BiologicalProcess|BiologicalProcessOrActivity|Entity|Mixin|NamedThing|Occurrent|OntologyClass|PhysicalEssenceOrOccurrent|ThingWithTaxon
microtraits.pathways:iron_oxidation¦"iron oxidation"¦"microtraits.pathways:iron_oxidation"¦"microtrait"¦BiologicalEntity|BiologicalProcess|BiologicalProcessOrActivity|Entity|Mixin|NamedThing|Occurrent|OntologyClass|PhysicalEssenceOrOccurrent|ThingWithTaxon
microtraits.pathways:pyrite_oxidation¦"pyrite oxidation"¦"microtraits.pathways:pyrite_oxidation"¦"microtrait"¦BiologicalEntity|BiologicalProcess|BiologicalProcessOrActivity|Entity|Mixin|NamedThing|Occurrent|OntologyClass|PhysicalEssenceOrOccurrent|ThingWithTaxon
microtraits.pathways:pyrrhotite_oxidation¦"pyrrhotite oxidation"¦"microtraits.pathways:pyrrhotite_oxidation"¦"microtrait"¦BiologicalEntity|BiologicalProcess|BiologicalProcessOrActivity|Entity|Mixin|NamedThing|Occurrent|OntologyClass|PhysicalEssenceOrOccurrent|ThingWithTaxon
microtraits.pathways:chalcopyrite_oxidation¦"chalcopyrite oxidation"¦"microtraits.pathways:chalcopyrite_oxidation"¦"microtrait"¦BiologicalEntity|BiologicalProcess|BiologicalProcessOrActivity|Entity|Mixin|NamedThing|Occurrent|OntologyClass|PhysicalEssenceOrOccurrent|ThingWithTaxon
microtraits.pathways:covellite_oxidation¦"covellite oxidation"¦"microtraits.pathways:covellite_oxidation"¦"microtrait"¦BiologicalEntity|BiologicalProcess|BiologicalProcessOrActivity|Entity|Mixin|NamedThing|Occurrent|OntologyClass|PhysicalEssenceOrOccurrent|ThingWithTaxon
microtraits.pathways:sphalerite_oxidation¦"sphalerite oxidation"¦"microtraits.pathways:sphalerite_oxidation"¦"microtrait"¦BiologicalEntity|BiologicalProcess|BiologicalProcessOrActivity|Entity|Mixin|NamedThing|Occurrent|OntologyClass|PhysicalEssenceOrOccurrent|ThingWithTaxon
microtraits.pathways:galena_oxidation¦"galena oxidation"¦"microtraits.pathways:galena_oxidation"¦"microtrait"¦BiologicalEntity|BiologicalProcess|BiologicalProcessOrActivity|Entity|Mixin|NamedThing|Occurrent|OntologyClass|PhysicalEssenceOrOccurrent|ThingWithTaxon
microtraits.pathways:uranyl_reduction¦"uranyl reduction"¦"microtraits.pathways:uranyl_reduction"¦"microtrait"¦BiologicalEntity|BiologicalProcess|BiologicalProcessOrActivity|Entity|Mixin|NamedThing|Occurrent|OntologyClass|PhysicalEssenceOrOccurrent|ThingWithTaxon
microtraits.pathways:uraninite_oxidation¦"uraninite oxidation"¦"microtraits.pathways:uraninite_oxidation"¦"microtrait"¦BiologicalEntity|BiologicalProcess|BiologicalProcessOrActivity|Entity|Mixin|NamedThing|Occurrent|OntologyClass|PhysicalEssenceOrOccurrent|ThingWithTaxon
microtraits.pathways:cobalt_reduction¦"cobalt reduction"¦"microtraits.pathways:cobalt_reduction"¦"microtrait"¦BiologicalEntity|BiologicalProcess|BiologicalProcessOrActivity|Entity|Mixin|NamedThing|Occurrent|OntologyClass|PhysicalEssenceOrOccurrent|ThingWithTaxon
microtraits.pathways:arsenate_reduction¦"arsenate reduction"¦"microtraits.pathways:arsenate_reduction"¦"microtrait"¦BiologicalEntity|BiologicalProcess|BiologicalProcessOrActivity|Entity|Mixin|NamedThing|Occurrent|OntologyClass|PhysicalEssenceOrOccurrent|ThingWithTaxon
microtraits.pathways:selenate_reduction¦"selenate reduction"¦"microtraits.pathways:selenate_reduction"¦"microtrait"¦BiologicalEntity|BiologicalProcess|BiologicalProcessOrActivity|Entity|Mixin|NamedThing|Occurrent|OntologyClass|PhysicalEssenceOrOccurrent|ThingWithTaxon
GO:0120253¦"hydrocarbon degradation"¦"GO:0120253"¦"microtrait"¦BiologicalEntity|BiologicalProcess|BiologicalProcessOrActivity|Entity|Mixin|NamedThing|Occurrent|OntologyClass|PhysicalEssenceOrOccurrent|ThingWithTaxon
microtraits.pathways:methylotrophy¦"methylotrophy"¦"microtraits.pathways:methylotrophy"¦"microtrait"¦BiologicalEntity|BiologicalProcess|BiologicalProcessOrActivity|Entity|Mixin|NamedThing|Occurrent|OntologyClass|PhysicalEssenceOrOccurrent|ThingWithTaxon
GO:0006113¦"fermentation"¦"GO:0006113"¦"microtrait"¦BiologicalEntity|BiologicalProcess|BiologicalProcessOrActivity|Entity|Mixin|NamedThing|Occurrent|OntologyClass|PhysicalEssenceOrOccurrent|ThingWithTaxon
microtraits.pathways:aliphatic_non_methane_hydrocarbon_degradation¦"aliphatic non methane hydrocarbon degradation"¦"microtraits.pathways:aliphatic_non_methane_hydrocarbon_degradation"¦"microtrait"¦BiologicalEntity|BiologicalProcess|BiologicalProcessOrActivity|Entity|Mixin|NamedThing|Occurrent|OntologyClass|PhysicalEssenceOrOccurrent|ThingWithTaxon
GO:0015946¦"methanol oxidation"¦"GO:0015946"¦"microtrait"¦BiologicalEntity|BiologicalProcess|BiologicalProcessOrActivity|Entity|Mixin|NamedThing|Occurrent|OntologyClass|PhysicalEssenceOrOccurrent|ThingWithTaxon
microtraits.pathways:hydrogen_oxidation_dark¦"hydrogen oxidation dark"¦"microtraits.pathways:hydrogen_oxidation_dark"¦"microtrait"¦BiologicalEntity|BiologicalProcess|BiologicalProcessOrActivity|Entity|Mixin|NamedThing|Occurrent|OntologyClass|PhysicalEssenceOrOccurrent|ThingWithTaxon
microtraits.pathways:sulfide_oxidation_dark¦"sulfide oxidation dark"¦"microtraits.pathways:sulfide_oxidation_dark"¦"microtrait"¦BiologicalEntity|BiologicalProcess|BiologicalProcessOrActivity|Entity|Mixin|NamedThing|Occurrent|OntologyClass|PhysicalEssenceOrOccurrent|ThingWithTaxon
microtraits.pathways:sulfur_oxidation_dark¦"sulfur oxidation dark"¦"microtraits.pathways:sulfur_oxidation_dark"¦"microtrait"¦BiologicalEntity|BiologicalProcess|BiologicalProcessOrActivity|Entity|Mixin|NamedThing|Occurrent|OntologyClass|PhysicalEssenceOrOccurrent|ThingWithTaxon
GO:0019439¦"aromatic compound degradation"¦"GO:0019439"¦"microtrait"¦BiologicalEntity|BiologicalProcess|BiologicalProcessOrActivity|Entity|Mixin|NamedThing|Occurrent|OntologyClass|PhysicalEssenceOrOccurrent|ThingWithTaxon
microtraits.pathways:manganese_oxidation¦"manganese oxidation"¦"microtraits.pathways:manganese_oxidation"¦"microtrait"¦BiologicalEntity|BiologicalProcess|BiologicalProcessOrActivity|Entity|Mixin|NamedThing|Occurrent|OntologyClass|PhysicalEssenceOrOccurrent|ThingWithTaxon
microtraits.pathways:ligninolysis¦"ligninolysis"¦"microtraits.pathways:ligninolysis"¦"microtrait"¦BiologicalEntity|BiologicalProcess|BiologicalProcessOrActivity|Entity|Mixin|NamedThing|Occurrent|OntologyClass|PhysicalEssenceOrOccurrent|ThingWithTaxon
microtraits.pathways:thiosulfate_oxidation_dark¦"thiosulfate oxidation dark"¦"microtraits.pathways:thiosulfate_oxidation_dark"¦"microtrait"¦BiologicalEntity|BiologicalProcess|BiologicalProcessOrActivity|Entity|Mixin|NamedThing|Occurrent|OntologyClass|PhysicalEssenceOrOccurrent|ThingWithTaxon
microtraits.pathways:sulfite_oxidation_dark¦"sulfite oxidation dark"¦"microtraits.pathways:sulfite_oxidation_dark"¦"microtrait"¦BiologicalEntity|BiologicalProcess|BiologicalProcessOrActivity|Entity|Mixin|NamedThing|Occurrent|OntologyClass|PhysicalEssenceOrOccurrent|ThingWithTaxon
microtraits.pathways:manganese_reduction¦"manganese reduction"¦"microtraits.pathways:manganese_reduction"¦"microtrait"¦BiologicalEntity|BiologicalProcess|BiologicalProcessOrActivity|Entity|Mixin|NamedThing|Occurrent|OntologyClass|PhysicalEssenceOrOccurrent|ThingWithTaxon
microtraits.pathways:aerobic_anoxygenic_phototrophy¦"aerobic anoxygenic phototrophy"¦"microtraits.pathways:aerobic_anoxygenic_phototrophy"¦"microtrait"¦BiologicalEntity|BiologicalProcess|BiologicalProcessOrActivity|Entity|Mixin|NamedThing|Occurrent|OntologyClass|PhysicalEssenceOrOccurrent|ThingWithTaxon
microtraits.pathways:photoheterotrophy¦"photoheterotrophy"¦"microtraits.pathways:photoheterotrophy"¦"microtrait"¦BiologicalEntity|BiologicalProcess|BiologicalProcessOrActivity|Entity|Mixin|NamedThing|Occurrent|OntologyClass|PhysicalEssenceOrOccurrent|ThingWithTaxon
microtraits.pathways:nitrification¦"nitrification"¦"microtraits.pathways:nitrification"¦"microtrait"¦BiologicalEntity|BiologicalProcess|BiologicalProcessOrActivity|Entity|Mixin|NamedThing|Occurrent|OntologyClass|PhysicalEssenceOrOccurrent|ThingWithTaxon
microtraits.pathways:arsenite_oxidation¦"arsenite oxidation"¦"microtraits.pathways:arsenite_oxidation"¦"microtrait"¦BiologicalEntity|BiologicalProcess|BiologicalProcessOrActivity|Entity|Mixin|NamedThing|Occurrent|OntologyClass|PhysicalEssenceOrOccurrent|ThingWithTaxon
microtraits.pathways:iron_oxidation_dark¦"iron oxidation dark"¦"microtraits.pathways:iron_oxidation_dark"¦"microtrait"¦BiologicalEntity|BiologicalProcess|BiologicalProcessOrActivity|Entity|Mixin|NamedThing|Occurrent|OntologyClass|PhysicalEssenceOrOccurrent|ThingWithTaxon
GO:0043419¦"urea degradation"¦"GO:0043419"¦"microtrait"¦BiologicalEntity|BiologicalProcess|BiologicalProcessOrActivity|Entity|Mixin|NamedThing|Occurrent|OntologyClass|PhysicalEssenceOrOccurrent|ThingWithTaxon
microtraits.pathways:sulfur_compound_oxidation_dark¦"sulfur compound oxidation dark"¦"microtraits.pathways:sulfur_compound_oxidation_dark"¦"microtrait"¦BiologicalEntity|BiologicalProcess|BiologicalProcessOrActivity|Entity|Mixin|NamedThing|Occurrent|OntologyClass|PhysicalEssenceOrOccurrent|ThingWithTaxon
GO:0019332¦"nitrite oxidation"¦"GO:0019332"¦"microtrait"¦BiologicalEntity|BiologicalProcess|BiologicalProcessOrActivity|Entity|Mixin|NamedThing|Occurrent|OntologyClass|PhysicalEssenceOrOccurrent|ThingWithTaxon
microtraits.pathways:fumarate_reduction¦"fumarate reduction"¦"microtraits.pathways:fumarate_reduction"¦"microtrait"¦BiologicalEntity|BiologicalProcess|BiologicalProcessOrActivity|Entity|Mixin|NamedThing|Occurrent|OntologyClass|PhysicalEssenceOrOccurrent|ThingWithTaxon
microtraits.pathways:aromatic_hydrocarbon_degradation¦"aromatic hydrocarbon degradation"¦"microtraits.pathways:aromatic_hydrocarbon_degradation"¦"microtrait"¦BiologicalEntity|BiologicalProcess|BiologicalProcessOrActivity|Entity|Mixin|NamedThing|Occurrent|OntologyClass|PhysicalEssenceOrOccurrent|ThingWithTaxon
GO:0045493¦"xylan degradation"¦"GO:0045493"¦"microtrait"¦BiologicalEntity|BiologicalProcess|BiologicalProcessOrActivity|Entity|Mixin|NamedThing|Occurrent|OntologyClass|PhysicalEssenceOrOccurrent|ThingWithTaxon
GO:0006032¦"chitin degradation"¦"GO:0006032"¦"microtrait"¦BiologicalEntity|BiologicalProcess|BiologicalProcessOrActivity|Entity|Mixin|NamedThing|Occurrent|OntologyClass|PhysicalEssenceOrOccurrent|ThingWithTaxon
microtraits.pathways:plastic_degradation¦"plastic degradation"¦"microtraits.pathways:plastic_degradation"¦"microtrait"¦BiologicalEntity|BiologicalProcess|BiologicalProcessOrActivity|Entity|Mixin|NamedThing|Occurrent|OntologyClass|PhysicalEssenceOrOccurrent|ThingWithTaxon
GO:0030245¦"cellulose degradation"¦"GO:0030245"¦"microtrait"¦BiologicalEntity|BiologicalProcess|BiologicalProcessOrActivity|Entity|Mixin|NamedThing|Occurrent|OntologyClass|PhysicalEssenceOrOccurrent|ThingWithTaxon
microtraits.pathways:annamox¦"annamox"¦"microtraits.pathways:annamox"¦"microtrait"¦BiologicalEntity|BiologicalProcess|BiologicalProcessOrActivity|Entity|Mixin|NamedThing|Occurrent|OntologyClass|PhysicalEssenceOrOccurrent|ThingWithTaxon
microtraits.pathways:anoxygenic_photoautotrophy_sulfur_oxidation¦"anoxygenic photoautotrophy sulfur oxidation"¦"microtraits.pathways:anoxygenic_photoautotrophy_sulfur_oxidation"¦"microtrait"¦BiologicalEntity|BiologicalProcess|BiologicalProcessOrActivity|Entity|Mixin|NamedThing|Occurrent|OntologyClass|PhysicalEssenceOrOccurrent|ThingWithTaxon
microtraits.pathways:photoautotrophy¦"photoautotrophy"¦"microtraits.pathways:photoautotrophy"¦"microtrait"¦BiologicalEntity|BiologicalProcess|BiologicalProcessOrActivity|Entity|Mixin|NamedThing|Occurrent|OntologyClass|PhysicalEssenceOrOccurrent|ThingWithTaxon
microtraits.pathways:anoxygenic_photoautotrophy¦"anoxygenic photoautotrophy"¦"microtraits.pathways:anoxygenic_photoautotrophy"¦"microtrait"¦BiologicalEntity|BiologicalProcess|BiologicalProcessOrActivity|Entity|Mixin|NamedThing|Occurrent|OntologyClass|PhysicalEssenceOrOccurrent|ThingWithTaxon
microtraits.pathways:anoxygenic_photoautotrophy_hydrogen_oxidation¦"anoxygenic photoautotrophy hydrogen oxidation"¦"microtraits.pathways:anoxygenic_photoautotrophy_hydrogen_oxidation"¦"microtrait"¦BiologicalEntity|BiologicalProcess|BiologicalProcessOrActivity|Entity|Mixin|NamedThing|Occurrent|OntologyClass|PhysicalEssenceOrOccurrent|ThingWithTaxon
microtraits.pathways:anoxygenic_photoautotrophy_iron_oxidation¦"anoxygenic photoautotrophy iron oxidation"¦"microtraits.pathways:anoxygenic_photoautotrophy_iron_oxidation"¦"microtrait"¦BiologicalEntity|BiologicalProcess|BiologicalProcessOrActivity|Entity|Mixin|NamedThing|Occurrent|OntologyClass|PhysicalEssenceOrOccurrent|ThingWithTaxon
microtraits.pathways:chlorate_reduction¦"chlorate reduction"¦"microtraits.pathways:chlorate_reduction"¦"microtrait"¦BiologicalEntity|BiologicalProcess|BiologicalProcessOrActivity|Entity|Mixin|NamedThing|Occurrent|OntologyClass|PhysicalEssenceOrOccurrent|ThingWithTaxon
GO:0015977¦"autotrophy"¦"GO:0015977"¦"microtrait"¦BiologicalEntity|BiologicalProcess|BiologicalProcessOrActivity|Entity|Mixin|NamedThing|Occurrent|OntologyClass|PhysicalEssenceOrOccurrent|ThingWithTaxon
GO:0019412¦"hydrogen oxidation"¦"GO:0019412"¦"microtrait"¦BiologicalEntity|BiologicalProcess|BiologicalProcessOrActivity|Entity|Mixin|NamedThing|Occurrent|OntologyClass|PhysicalEssenceOrOccurrent|ThingWithTaxon
microtraits.pathways:chlorocarbon_degradation¦"chlorocarbon degradation"¦"microtraits.pathways:chlorocarbon_degradation"¦"microtrait"¦BiologicalEntity|BiologicalProcess|BiologicalProcessOrActivity|Entity|Mixin|NamedThing|Occurrent|OntologyClass|PhysicalEssenceOrOccurrent|ThingWithTaxon
microtraits.pathways:propionate_oxidation¦"propionate oxidation"¦"microtraits.pathways:propionate_oxidation"¦"microtrait"¦BiologicalEntity|BiologicalProcess|BiologicalProcessOrActivity|Entity|Mixin|NamedThing|Occurrent|OntologyClass|PhysicalEssenceOrOccurrent|ThingWithTaxon
microtraits.pathways:pah_degradation¦"PAH degradation"¦"microtraits.pathways:pah_degradation"¦"microtrait"¦BiologicalEntity|BiologicalProcess|BiologicalProcessOrActivity|Entity|Mixin|NamedThing|Occurrent|OntologyClass|PhysicalEssenceOrOccurrent|ThingWithTaxon
microtraits.pathways:mtbe_degradation¦"MTBE degradation"¦"microtraits.pathways:mtbe_degradation"¦"microtrait"¦BiologicalEntity|BiologicalProcess|BiologicalProcessOrActivity|Entity|Mixin|NamedThing|Occurrent|OntologyClass|PhysicalEssenceOrOccurrent|ThingWithTaxon
microtraits.pathways:pcb_degradation¦"PCB degradation"¦"microtraits.pathways:pcb_degradation"¦"microtrait"¦BiologicalEntity|BiologicalProcess|BiologicalProcessOrActivity|Entity|Mixin|NamedThing|Occurrent|OntologyClass|PhysicalEssenceOrOccurrent|ThingWithTaxon
microtraits.pathways:edta_degradation¦"EDTA degradation"¦"microtraits.pathways:edta_degradation"¦"microtrait"¦BiologicalEntity|BiologicalProcess|BiologicalProcessOrActivity|Entity|Mixin|NamedThing|Occurrent|OntologyClass|PhysicalEssenceOrOccurrent|ThingWithTaxon
microtraits.pathways:cellobiose_degradation¦"cellobiose degradation"¦"microtraits.pathways:cellobiose_degradation"¦"microtrait"¦BiologicalEntity|BiologicalProcess|BiologicalProcessOrActivity|Entity|Mixin|NamedThing|Occurrent|OntologyClass|PhysicalEssenceOrOccurrent|ThingWithTaxon
microtraits.pathways:heterotrophic¦"heterotrophic"¦"microtraits.pathways:heterotrophic"¦"microtrait"¦BiologicalEntity|BiologicalProcess|BiologicalProcessOrActivity|Entity|Mixin|NamedThing|Occurrent|OntologyClass|PhysicalEssenceOrOccurrent|ThingWithTaxon
microtraits.pathways:gelatin_degradation¦"gelatin degradation"¦"microtraits.pathways:gelatin_degradation"¦"microtrait"¦BiologicalEntity|BiologicalProcess|BiologicalProcessOrActivity|Entity|Mixin|NamedThing|Occurrent|OntologyClass|PhysicalEssenceOrOccurrent|ThingWithTaxon
microtraits.pathways:polymer_degradation¦"polymer degradation"¦"microtraits.pathways:polymer_degradation"¦"microtrait"¦BiologicalEntity|BiologicalProcess|BiologicalProcessOrActivity|Entity|Mixin|NamedThing|Occurrent|OntologyClass|PhysicalEssenceOrOccurrent|ThingWithTaxon
microtraits.pathways:uranium_oxidation¦"uranium oxidation"¦"microtraits.pathways:uranium_oxidation"¦"microtrait"¦BiologicalEntity|BiologicalProcess|BiologicalProcessOrActivity|Entity|Mixin|NamedThing|Occurrent|OntologyClass|PhysicalEssenceOrOccurrent|ThingWithTaxon
microtraits.pathways:polyisoprene_degradation¦"polyisoprene degradation"¦"microtraits.pathways:polyisoprene_degradation"¦"microtrait"¦BiologicalEntity|BiologicalProcess|BiologicalProcessOrActivity|Entity|Mixin|NamedThing|Occurrent|OntologyClass|PhysicalEssenceOrOccurrent|ThingWithTaxon
microtraits.pathways:carbon_monoxide_oxidation¦"carbon monoxide oxidation"¦"microtraits.pathways:carbon_monoxide_oxidation"¦"microtrait"¦BiologicalEntity|BiologicalProcess|BiologicalProcessOrActivity|Entity|Mixin|NamedThing|Occurrent|OntologyClass|PhysicalEssenceOrOccurrent|ThingWithTaxon
microtraits.pathways:dmsp_degradation¦"DMSP degradation"¦"microtraits.pathways:dmsp_degradation"¦"microtrait"¦BiologicalEntity|BiologicalProcess|BiologicalProcessOrActivity|Entity|Mixin|NamedThing|Occurrent|OntologyClass|PhysicalEssenceOrOccurrent|ThingWithTaxon
microtraits.pathways:rdx_degradation¦"RDX degradation"¦"microtraits.pathways:rdx_degradation"¦"microtrait"¦BiologicalEntity|BiologicalProcess|BiologicalProcessOrActivity|Entity|Mixin|NamedThing|Occurrent|OntologyClass|PhysicalEssenceOrOccurrent|ThingWithTaxon
GO:0046274¦"lignin degradation"¦"GO:0046274"¦"microtrait"¦BiologicalEntity|BiologicalProcess|BiologicalProcessOrActivity|Entity|Mixin|NamedThing|Occurrent|OntologyClass|PhysicalEssenceOrOccurrent|ThingWithTaxon
microtraits.pathways:aerobic_heterotrophy¦"aerobic heterotrophy"¦"microtraits.pathways:aerobic_heterotrophy"¦"microtrait"¦BiologicalEntity|BiologicalProcess|BiologicalProcessOrActivity|Entity|Mixin|NamedThing|Occurrent|OntologyClass|PhysicalEssenceOrOccurrent|ThingWithTaxon
